metric,value
accuracy,0.6666666666666666
macro_f1,0.3333333333333333
